Accel X,Accel Y
-3.237152,2.039383
-3.3475952,1.9981384
-3.4891052,1.9426117
-3.6089478,1.8786316
-3.6894379,1.8382721
-3.6641693,1.8493958
-3.6223297,1.9338837
-3.546753,2.096161
-3.4355774,2.3521576
-3.3913116,2.372589
-3.4382782,2.2853851
-3.4578552,2.2806091
-3.3836212,2.4383545
-3.2906342,2.6557312
-3.239853,2.845398
-3.2397919,2.9328156
-3.342392,2.8891602
-3.560379,2.6786346
-3.917511,2.3837433
-4.1867065,2.0379944
-4.3672028,1.7278595
-4.4680634,1.5112
-4.4972534,1.420105
-4.5158386,1.4586029
-4.5228424,1.6162872
-4.495178,1.8650513
-4.4188538,2.1603546
-4.3960114,2.4329224
-4.407242,2.6496124
-4.409897,2.8355255
-4.3592224,3.0016327
-4.2457733,3.0877533
-4.1110687,3.1066437
-4.0014954,3.0779877
-3.91362,3.0736847
-3.8206482,3.0947113
-3.7300568,3.1566925
-3.621399,3.2202148
-3.5406952,3.282364
-3.4747467,3.315979
-3.4162292,3.2767487
-3.354782,3.1580658
-3.2949677,2.9743042
-3.2986603,2.723755
-3.3212738,2.4326324
-3.3491974,2.1534576
-3.381897,1.9288177
-3.3911743,1.7961731
-3.395172,1.7731018
-3.372467,1.884201
-3.3058472,2.0559998
-3.2232513,2.290985
-3.1301575,2.5359344
-3.0232391,2.803238
-2.934433,3.069687
-2.8510895,3.3466187
-2.78331,3.5825195
-2.7511444,3.7368622
-2.741562,3.8390198
-2.7677917,3.8309479
-2.8777008,3.6634827
-2.9562073,3.4465027
-3.0118408,3.2683868
-3.0345306,3.1496582
-2.9990234,3.1095886
-2.9575348,3.114212
-2.963211,3.1234436
-3.015396,3.0718842
-3.046875,2.965149
-3.0503998,2.8406677
-3.0582733,2.714981
-3.0811462,2.628067
-3.1271057,2.5539856
-3.1571503,2.4938812
-3.147461,2.4757996
-3.0883484,2.4526062
-3.0235443,2.479538
-2.952835,2.5112915
-2.918213,2.5580902
-2.9289246,2.6058502
-2.9568634,2.6354218
-3.004837,2.6263733
-3.0523071,2.6171112
-3.1137085,2.595642
-3.2175446,2.529892
-3.3625793,2.486679
-3.4965363,2.459961
-3.5894928,2.427185
-3.641571,2.4244385
-3.6338806,2.4428864
-3.57312,2.4487915
-3.4690247,2.434433
-3.3799744,2.4409943
-3.3289185,2.4594574
-3.3460236,2.4640045
-3.3783112,2.501068
-3.401123,2.5656128
-3.441803,2.6433258
-3.491272,2.7479095
-3.5029144,2.8851318
-3.4865112,3.0319061
-3.4498138,3.1931152
-3.344345,3.3327026
-3.201477,3.4613037
-3.0662994,3.5702362
-2.9929504,3.6615143
-3.0073242,3.727295
-3.0779266,3.7304077
-3.1780853,3.7029572
-3.2675781,3.64917
-3.3369293,3.5890808
-3.3857422,3.5427856
-3.4233398,3.5366669
-3.471756,3.5627441
-3.548172,3.6055908
-3.6106567,3.666687
-3.5968018,3.7334595
-3.5359955,3.8647614
-3.413742,4.0587006
-3.2286377,4.28125
-2.987671,4.4289093
-2.7258606,4.5409393
-2.6015015,4.5802307
-2.576355,4.55278
-2.596405,4.5217133
-2.6407166,4.5245056
-2.7001343,4.56131
-2.7940826,4.5860596
-2.9328003,4.5708466
-3.0954895,4.54718
-3.166687,4.497635
-3.181656,4.4605865
-3.1288605,4.401947
-3.0447998,4.307953
-3.0229797,4.169388
-3.1169434,3.9524536
-3.3094177,3.7460632
-3.6331635,3.5268097
-4.505234,3.2388306
-5.6768646,3.059311
-5.934784,3.127655
-5.211487,3.4803925
-4.135437,4.0224457
-3.4361877,4.6574554
-3.2974396,5.0344086
-3.4446259,5.3054657
-3.5699158,5.506897
-3.6081696,5.6168823
-3.6220245,5.64505
-3.6852417,5.585373
-3.7461853,5.421829
-3.7902222,5.1566315
-3.8520813,4.8819275
-3.9848785,4.610977
-4.101761,4.391678
-4.146942,4.230362
-4.1219788,4.139389
-4.0161743,4.0783386
-3.8690033,3.9946136
-3.7006989,3.9350739
-3.5373688,3.8543396
-3.4412537,3.7460785
-3.348053,3.64917
-3.2259216,3.5849762
-3.1012573,3.5764618
-3.00737,3.5764618
-2.9297333,3.5764618
-2.8294525,3.6060944
-2.687027,3.6184235
-2.4897156,3.631836
-2.2879944,3.6267395
-2.117569,3.6226196
-1.9891968,3.5876007
-1.9337463,3.513214
-1.9615784,3.4265137
-2.0576935,3.3250122
-2.17807,3.2627869
-2.304779,3.224289
-2.4207916,3.2034607
-2.5363617,3.1844025
-2.6190033,3.2063293
-2.674286,3.24115
-2.711502,3.2662811
-2.7377472,3.30307
-2.7412872,3.3336487
-2.7204742,3.3843842
-2.6651,3.453354
-2.5966034,3.5145721
-2.5121613,3.5803986
-2.4063416,3.6472626
-2.2513123,3.7338257
-2.0631866,3.8395538
-1.8417816,3.9299011
-1.6618195,4.003708
-1.5542297,4.041977
-1.4631653,4.09433
-1.3760223,4.126007
-1.289444,4.152405
-1.2233429,4.1712646
-1.1918488,4.122772
-1.1876221,4.027298
-1.1901093,4.0279236
-1.177536,4.115158
-1.149765,4.177597
-1.1339264,4.2177734
-1.1421967,4.1647644
-1.1812592,4.0525208
-1.246109,3.9245453
-1.3250732,3.8295288
-1.4498291,3.7464142
-1.5946503,3.6507568
-1.7395935,3.5699463
-1.8435211,3.5169983
-1.8928223,3.4896393
-1.9011841,3.448288
-1.872467,3.4328156
-1.812439,3.4184418
-1.7513123,3.4307861
-1.6986847,3.4773102
-1.6170349,3.5457153
-1.524704,3.6536255
-1.4267578,3.774109
-1.3397675,3.8274994
-1.2792664,3.8317413
-1.2076111,3.9438324
-1.09906,4.1336517
-0.99687195,4.3108826
-0.91134644,4.4082947
-0.86143494,4.441986
-0.8309784,4.4541016
-0.83592224,4.4839325
-0.86769104,4.4841766
-0.9138489,4.4684296
-0.94314575,4.4569855
-0.96383667,4.4455566
-0.967453,4.4511566
-0.9597626,4.453247
-0.9427643,4.4702454
-0.89642334,4.5072784
-0.8341217,4.5308533
-0.7556305,4.572525
-0.66145325,4.603897
-0.5673981,4.6633606
-0.4650116,4.7437744
-0.35792542,4.79657
-0.23846436,4.842514
-0.13142395,4.8753204
0.071380615,4.9140778
-0.0738678,4.9487762
-0.101623535,4.96727
-0.12579346,4.9374847
-0.19740295,4.899521
-0.2521515,4.9006653
-0.32618713,4.919159
-0.40867615,4.956238
-0.4706421,5.0014496
-0.49845886,5.0507355
-0.482193,5.0878296
-0.44514465,5.118698
-0.40827942,5.1504364
-0.3712921,5.185364
-0.31027222,5.2090454
-0.27671814,5.2056885
-0.27702332,5.1997375
-0.31739807,5.1674347
-0.34532166,5.136215
-0.37832642,5.110016
-0.40071106,5.0549316
-0.43093872,5.010803
-0.4678192,4.9608
-0.51130676,4.895981
-0.55625916,4.8338623
-0.5967102,4.780716
-0.60450745,4.7104034
-0.5708313,4.651474
-0.52864075,4.6007385
-0.4778595,4.5820312
-0.42463684,4.622055
-0.38970947,4.665741
-0.38217163,4.7046356
-0.40274048,4.776886
-0.43122864,4.882675
-0.46551514,4.975052
-0.50279236,5.0771637
-0.55570984,5.181061
-0.627594,5.2905426
-0.7036896,5.373291
-0.7965393,5.3995514
-0.9015198,5.4072723
-0.9645386,5.3922577
-1.0071106,5.354004
-1.1021423,5.3012543
-1.1635437,5.258774
-1.1980896,5.2428284
-1.1804352,5.266876
-1.0948944,5.338562
-0.9375,5.422058
-0.7903137,5.4664307
-0.6807709,5.4726715
-0.63290405,5.459244
-0.6391754,5.4274445
-0.70118713,5.3965454
-0.79145813,5.379303
-0.9005127,5.3856964
-1.0393982,5.4042053
-1.1856079,5.408844
-1.3375549,5.4461365
-1.5178833,5.451126
-1.7378998,5.4319305
-1.9468994,5.3847656
-2.101532,5.3368683
-2.1959076,5.3181763
-2.2389984,5.3366394
-2.2435913,5.3505707
-2.2167206,5.3461456
-2.1307068,5.310562
-2.0088806,5.284607
-1.9129791,5.2822113
-1.8518829,5.2970276
-1.8378906,5.2854614
-1.8929443,5.2687836
-2.096695,5.2500153
-2.4164276,5.2634583
-2.6154175,5.303192
-2.5573425,5.4305725
-2.3299103,5.574341
-2.094223,5.660034
-2.0253143,5.64476
-2.128952,5.556259
-2.2842865,5.440399
-2.403183,5.363617
-2.4470673,5.3437653
-2.429428,5.385849
-2.353363,5.4016724
-2.2763672,5.4165344
-2.2361908,5.4344482
-2.245514,5.408905
-2.2818756,5.35553
-2.2740784,5.3173065
-2.2130585,5.313507
-2.0732422,5.330841
-1.8322754,5.34639
-1.5713654,5.34552
-1.3553162,5.336197
-1.2345581,5.373001
-1.1624603,5.40184
-1.1470184,5.4018555
-1.2024689,5.386917
-1.3135529,5.321991
-1.4525299,5.2496643
-1.6225586,5.185135
-1.7369385,5.1620026
-1.8290253,5.137985
-1.9215698,5.1223907
-1.9826965,5.1231995
-1.9879456,5.1417084
-1.9639587,5.1548615
-1.9268951,5.1726837
-1.841156,5.22139
-1.7578278,5.281189
-1.677414,5.3328247
-1.5989685,5.3676453
-1.4931335,5.3897247
-1.4042511,5.423065
-1.3305817,5.4362946
-1.2705078,5.4191895
-1.2291718,5.382431
-1.2188416,5.3320465
-1.2357941,5.2937775
-1.2875061,5.2458344
-1.3396606,5.1693573
-1.3949585,5.1176147
-1.4508362,5.0793
-1.491684,5.0609283
-1.5126648,5.069763
-1.4900665,5.0847473
-1.4477997,5.1216125
-1.4050903,5.14093
-1.3521271,5.1598206
-1.3148804,5.1970673
-1.2779541,5.2339935
-1.247757,5.2641907
-1.2413025,5.2540436
-1.2578888,5.256241
-1.2485962,5.262329
-1.2475739,5.2489777
-1.2601776,5.2302246
-1.3179474,5.1620636
-1.3919067,5.105896
-1.447464,5.075424
-1.4898224,5.07045
-1.5435028,5.096298
-1.5864105,5.1135406
-1.5923309,5.1135406
-1.6138306,5.1135406
-1.6203918,5.113312
-1.5924072,5.099228
-1.5691376,5.0848083
-1.5506134,5.078293
-1.5518494,5.072418
-1.5670624,5.0316467
-1.5763092,4.979904
-1.5935211,4.939972
-1.6214142,4.9196167
-1.6491852,4.9196167
-1.66362,4.912979
-1.6959686,4.9139557
-1.714508,4.934082
-1.6987915,4.982605
-1.6452789,5.0539856
-1.5627136,5.1404724
-1.4612885,5.2374115
-1.3392792,5.2983246
-1.2327118,5.330719
-1.1306305,5.340042
-1.0687866,5.343384
-1.0480347,5.3243103
-1.0722809,5.280197
-1.1189575,5.2666473
-1.1465759,5.2365265
-1.1794891,5.1922607
-1.2020721,5.15506
-1.2116547,5.1180267
-1.204483,5.103653
-1.2074585,5.0907593
-1.2167206,5.0890656
-1.2259827,5.077667
-1.2312012,5.0888367
-1.2260284,5.1033325
-1.2260284,5.1063538
-1.2321014,5.100296
-1.2260284,5.109543
-1.231308,5.139908
-1.2331085,5.1785126
-1.2215729,5.1997375
-1.2073975,5.2039948
-1.1981506,5.206909
-1.1564026,5.2093964
-1.1259155,5.228012
-1.1236572,5.2409973
-1.1328735,5.2500153
-1.1421051,5.2477417
-1.151474,5.238373
-1.1735992,5.2162476
-1.2029114,5.218292
-1.2400665,5.2356415
-1.2717285,5.2243347
-1.2839508,5.184906
-1.2932281,5.167923
-1.3024597,5.1264343
-1.3252411,5.086609
-1.3393707,5.054489
-1.3411255,5.0599213
-1.3367004,5.093338
-1.3044281,5.114151
-1.2978516,5.1207275
-1.2978516,5.1159363
-1.2773285,5.1135406
-1.2585449,5.124115
-1.2361298,5.135086
-1.2260284,5.1469574
-1.2180634,5.158203
-1.2088013,5.1624146
-1.204483,5.144516
-1.204483,5.149338
-1.22258,5.140396
-1.2411804,5.127121
-1.2475739,5.1024017
-1.231308,5.07666
-1.2097626,5.058319
-1.1717682,5.021286
-1.1397858,4.984131
-1.128418,4.9635315
-1.1099854,4.931717
-1.0852356,4.9071503
-1.0574341,4.8931427
-1.0232544,4.905243
-0.9928436,4.8947144
-0.9896698,4.883026
-1.0196075,4.8576202
-1.0610046,4.830414
-1.0815887,4.8126526
-1.1065216,4.847046
-1.1182861,4.883301
-1.1128387,4.901779
-1.0810242,4.9199524
-1.0366364,4.924347
-0.95869446,4.933014
-0.8658905,4.9674225
-0.76039124,5.0217285
-0.6726837,5.0681458
-0.6114502,5.0523224
-0.54034424,5.0494537
-0.50575256,5.056076
-0.52882385,5.056076
-0.5704193,5.056076
-0.6205597,5.0472107
-0.65571594,5.0305176
-0.7016449,5.0086823
-0.7550812,4.9745636
-0.8014374,4.940201
-0.83795166,4.9173584
-0.8589325,4.91922
-0.87368774,4.910721
-0.9032135,4.893875
-0.9156952,4.8779907
-0.9132843,4.878067
-0.86161804,4.904907
-0.76651,4.961502
-0.6394043,5.012146
-0.54000854,5.0569153
-0.469162,5.0937805
-0.41362,5.1308136
-0.39283752,5.139206
-0.40220642,5.111374
-0.4451294,5.0684357
-0.4864502,5.019943
-0.5213623,4.980774
-0.54067993,4.947159
-0.56251526,4.9223175
-0.60113525,4.91243
-0.58161926,4.91893
-0.5367279,4.9427643
-0.49945068,4.978195
-0.44612122,5.0222626
-0.3767395,5.059128
-0.33758545,5.076889
-0.33538818,5.0677185
-0.34230042,5.0457153
-0.355011,5.013504
-0.38668823,4.991089
-0.41220093,4.9792633
-0.43969727,4.9608154
-0.45692444,4.9422913
-0.47903442,4.9109497
-0.4754486,4.89447
-0.48320007,4.866684
-0.49339294,4.8443756
-0.50141907,4.7966614
-0.5149536,4.778412
-0.5284271,4.7557373
-0.536499,4.745529
-0.536499,4.7325745
-0.536499,4.743149
-0.5299988,4.724304
-0.53364563,4.7055817
-0.52441406,4.687149
-0.52212524,4.6756134
-0.50408936,4.6575317
-0.51882935,4.650528
-0.51623535,4.647934
-0.52931213,4.632309
-0.53515625,4.638138
-0.552948,4.651291
-0.5650635,4.6818542
-0.5632782,4.6897736
-0.55804443,4.6897736
-0.5519867,4.6897736
-0.54367065,4.696945
-0.54678345,4.7031555
-0.55085754,4.7010345
-0.55804443,4.6825867
-0.56018066,4.6847076
-0.5652313,4.6940002
-0.55274963,4.6907043
-0.53089905,4.7090607
-0.48768616,4.696945
-0.4611969,4.69162
-0.45767212,4.690277
-0.4715271,4.711319
-0.4862213,4.7156525
-0.49267578,4.712036
-0.50341797,4.6769257
-0.51846313,4.6538544
-0.52212524,4.6594086
-0.49969482,4.6754
-0.48373413,4.67041
-0.46676636,4.6692047
-0.457489,4.681946
-0.44869995,4.6858063
-0.44677734,4.704239
-0.45030212,4.722748
-0.44969177,4.7406616
-0.44311523,4.75264
-0.43362427,4.7710876
-0.42196655,4.7895355
-0.4287567,4.793625
-0.4401245,4.8046875
-0.46199036,4.7871704
-0.4734192,4.7743835
-0.49183655,4.758789
-0.50057983,4.744568
-0.49368286,4.7400513
-0.49150085,4.747223
-0.4862213,4.751175
-0.48017883,4.7604523
-0.46914673,4.7768555
-0.44729614,4.786148
-0.44818115,4.790329
-0.44311523,4.7904816
-0.44725037,4.8139343
-0.457489,4.8149567
-0.457489,4.8056946
-0.463562,4.790329
-0.45115662,4.787155
-0.42730713,4.7884064
-0.39227295,4.775955
-0.35031128,4.780365
-0.31843567,4.8030396
-0.28733826,4.8183136
-0.30426025,4.8561554
-0.3315277,4.8588257
-0.3516388,4.8332977
-0.39401245,4.8186646
-0.41918945,4.7998962
-0.44206238,4.7626495
-0.46333313,4.741394
-0.48184204,4.714279
-0.49690247,4.689926
-0.5172882,4.677002
-0.522583,4.683029
-0.5267792,4.6999207
-0.49905396,4.7323456
-0.45256042,4.7535095
-0.40829468,4.7907715
-0.36756897,4.8407593
-0.3327484,4.8961487
-0.3210144,4.91243
-0.32641602,4.9043427
-0.3448639,4.8814087
-0.37028503,4.849121
-0.4160614,4.824463
-0.44311523,4.815262
-0.4490204,4.7941895
-0.45986938,4.7895355
-0.4819336,4.783142
-0.47627258,4.7781525
-0.4577179,4.7618103
-0.44441223,4.75441
-0.4167328,4.7584076
-0.38798523,4.7808228
-0.3691864,4.8118744
-0.35081482,4.814926
-0.33750916,4.81398
-0.33538818,4.819107
-0.33538818,4.83049
-0.33119202,4.844803
-0.32206726,4.8600616
-0.3210144,4.877594
-0.3210144,4.880478
-0.3157959,4.8765106
-0.31394958,4.8836975
-0.32322693,4.877075
-0.34106445,4.857849
-0.3687744,4.8486176
-0.381073,4.826233
-0.3895111,4.822891
-0.3748932,4.8190613
-0.3497467,4.8110046
-0.35716248,4.790329
-0.37576294,4.7992554
-0.37191772,4.8046875
-0.3683319,4.7772064
-0.3533783,4.757965
-0.3441925,4.77269
-0.35968018,4.7615967
-0.4078827,4.766815
-0.43544006,4.775955
-0.44311523,4.775955
-0.45030212,4.7775726
-0.45030212,4.7868347
-0.45030212,4.8017883
-0.45030212,4.8196716
-0.45576477,4.8316803
-0.46948242,4.8309784
-0.478714,4.8193817
-0.498703,4.8011475
-0.5226898,4.790329
-0.52931213,4.802185
-0.51097107,4.812668
-0.47314453,4.822006
-0.45477295,4.836136
-0.4217987,4.8477173
-0.40525818,4.8477783
-0.39186096,4.855957
-0.37342834,4.862152
-0.35906982,4.8765106
-0.37438965,4.8703156
-0.3887787,4.862152
-0.39283752,4.854965
-0.39064026,4.841156
-0.3856659,4.822006
-0.39193726,4.8190613
-0.3939972,4.8383026
-0.4000244,4.8228607
-0.3839569,4.824402
-0.3497467,4.8406067
-0.3474579,4.8406067
-0.3336792,4.8450317
-0.3282013,4.854294
-0.3210144,4.8664856
-0.3210144,4.894211
-0.3097992,4.905243
-0.299469,4.8904266
-0.302063,4.8811035
-0.3112793,4.881134
-0.32051086,4.8903656
-0.338562,4.8892975
-0.36094666,4.8874207
-0.3827057,4.8908844
-0.39356995,4.8844147
-0.4000244,4.8881226
-0.4000244,4.869095
-0.38633728,4.8415985
-0.378479,4.8155518
-0.38623047,4.8046875
-0.38690186,4.8046875
-0.40081787,4.8046875
-0.4043274,4.8104706
-0.38510132,4.8240204
-0.3504181,4.847275
-0.32962036,4.8477783
-0.3138275,4.851776
-0.3138275,4.854965
-0.3076172,4.864044
-0.322937,4.870453
-0.3455963,4.8519287
-0.3569336,4.826233
-0.36109924,4.809784
-0.3796692,4.7963104
-0.3919525,4.7777405
-0.40229797,4.763855
-0.42086792,4.775955
-0.4129486,4.775955
-0.39239502,4.784027
-0.37623596,4.8141174
-0.3583374,4.8233643
-0.34335327,4.83902
-0.3451538,4.8288116
-0.3569336,4.8439636
-0.3569336,4.8477783
-0.3343811,4.855301
-0.3090515,4.862152
-0.30393982,4.8755493
-0.31326294,4.8903046
-0.30665588,4.91243
-0.30665588,4.908905
-0.31221008,4.905243
-0.32922363,4.9104004
-0.34773254,4.8733673
-0.37557983,4.836319
-0.39239502,4.8127594
-0.39283752,4.7886963
-0.39283752,4.7794037
-0.41036987,4.764282
-0.4072113,4.763443
-0.4072113,4.7858124
-0.40249634,4.7997437
-0.4000244,4.8115845
-0.4000244,4.815262
-0.4000244,4.826233
-0.4000244,4.8379974
-0.40553284,4.838913
-0.38993835,4.8233185
-0.38067627,4.8140564
-0.378479,4.7906647
-0.3673706,4.77005
-0.36906433,4.7382355
-0.39071655,4.7195435
-0.40104675,4.727707
-0.4072113,4.7400513
-0.41233826,4.7400513
-0.41435242,4.7472687
-0.4072113,4.756531
-0.4072113,4.7700043
-0.3883667,4.775955
-0.36894226,4.784317
-0.3569336,4.7870636
-0.3462677,4.783142
-0.3577881,4.791168
-0.38549805,4.8118744
-0.40437317,4.8075256
-0.4072113,4.811035
-0.38606262,4.820404
-0.34658813,4.826233
-0.3243866,4.8207397
-0.31344604,4.825836
-0.3091278,4.8165894
-0.31834412,4.807358
-0.32763672,4.791458
-0.35598755,4.7815704
-0.3856659,4.779541
-0.38719177,4.8001404
-0.34788513,4.8046875
-0.3173828,4.8101044
-0.27119446,4.837906
-0.24290466,4.888199
-0.22270203,4.941162
-0.1985321,4.941162
-0.19172668,4.941162
-0.18954468,4.9577026
-0.1645813,4.9798584
-0.14129639,4.9794006
-0.13426208,4.956192
-0.1672821,4.935425
-0.22659302,4.8958893
-0.27766418,4.848053
-0.31655884,4.808243
-0.3564453,4.774109
-0.3958435,4.7565002
-0.41429138,4.7472687
-0.4348755,4.7779846
-0.45855713,4.787262
-0.44630432,4.8025665
-0.383255,4.8118744
-0.29364014,4.8150177
-0.1709137,4.83992
0.09251404,4.88414
0.19963074,4.9213257
0.28330994,4.9624786
0.332016,4.989746
0.3764038,5.040924
0.4000244,5.083679
0.38386536,5.1099396
0.34143066,5.1428223
0.30203247,5.1636963
0.26461792,5.1737366
0.23669434,5.1513214
0.19908142,5.148056
0.152771,5.1387787
0.11891174,5.1248474
0.12168884,5.097824
0.15872192,5.0750885
0.19126892,5.051895
0.20553589,5.03508
0.23069763,5.020172
0.2420044,5.01651
0.2420044,5.007248
0.23254395,4.992569
0.18971252,5.0057983
0.13215637,5.0057983
0.10635376,5.0196075
0.094955444,5.0556793
-0.07064819,5.0814667
-0.083984375,5.0789337
-0.08087158,5.07045
0.08958435,5.07045
0.103271484,5.075348
0.11253357,5.0846252
0.12898254,5.101074
0.14222717,5.1063538
0.1608429,5.1063538
0.17832947,5.117386
0.18760681,5.1483917
0.18711853,5.1658325
0.18455505,5.1781006
0.18455505,5.180191
0.18867493,5.177109
0.19172668,5.1586304
0.19676208,5.1688538
0.17814636,5.1566315
0.17018127,5.177887
0.1703949,5.178177
0.18678284,5.178177
0.19604492,5.182495
0.22450256,5.1981506
0.25047302,5.2179565
0.2597351,5.2389984
0.2635498,5.2428284
0.25604248,5.2414856
0.24206543,5.20459
0.20536804,5.1764526
0.17204285,5.1578674
0.15437317,5.1465607
0.13459778,5.135086
0.119903564,5.1238556
0.112197876,5.133545
0.10293579,5.1109314
0.10295105,5.1063538
0.11225891,5.0996246
0.12548828,5.095978
0.11616516,5.08107
0.112716675,5.0776215
0.1133728,5.0782776
0.12532043,5.0902405
0.14874268,5.099182
0.1696167,5.099182
0.17018127,5.102844
0.16630554,5.117401
0.15699768,5.1327057
0.14608765,5.1439667
0.12709045,5.1654053
0.14201355,5.193115
0.15576172,5.1997375
0.15058899,5.2108307
0.15184021,5.221283
0.15467834,5.233368
0.13214111,5.220215
0.11680603,5.214096
0.12818909,5.2295685
0.16320801,5.243042
0.19172668,5.2737274
0.17900085,5.2744904
0.11984253,5.265259
-0.08988953,5.241638
-0.12641907,5.225876
-0.12361145,5.214096
-0.08331299,5.220154
0.09980774,5.1577454
0.09260559,5.0302124
-0.49954224,4.9322968
-1.2091675,4.9651794
-1.2176056,5.0261536
-0.8014679,5.1203766
-0.25056458,5.288315
0.42155457,5.564377
0.81391907,5.827301
1.0275421,5.987732
1.083664,6.079117
1.0394287,6.11911
0.94984436,6.1021423
0.81225586,6.0789337
0.6331177,6.009674
0.42936707,5.935669
0.2151947,5.8297577
-0.10217285,5.702118
-0.28018188,5.5424805
-0.45298767,5.3766174
-0.6359253,5.2275543
-0.7942505,5.136902
-0.90797424,5.101532
-0.9729614,5.099182
-0.96188354,5.1153564
-0.8733673,5.132492
-0.70606995,5.171997
-0.53559875,5.2200317
-0.3625641,5.279129
-0.19863892,5.325058
0.103500366,5.3644714
0.25453186,5.383301
0.40948486,5.3936615
0.5167694,5.3682556
0.60317993,5.325943
0.6029053,5.294861
0.5451355,5.252716
0.49316406,5.185074
0.45822144,5.1387024
0.4263153,5.0883484
0.40182495,5.0265045
0.36653137,4.977127
0.3193817,4.9312286
0.26020813,4.914261
0.21875,4.920746
0.17497253,4.9602966
0.17463684,5.006592
0.18392944,5.0529785
0.19172668,5.1122284
0.18815613,5.142212
0.17332458,5.1662903
0.14608765,5.185364
0.10223389,5.185364
-0.087631226,5.176117
-0.13224792,5.144287
-0.16625977,5.1158447
-0.18104553,5.08815
-0.18455505,5.0487823
-0.19308472,5.032501
-0.21435547,5.00473
-0.2469635,4.986603
-0.27708435,4.984253
-0.30845642,4.9627075
-0.3254547,4.929535
-0.35324097,4.9255524
-0.36972046,4.925995
-0.3423462,4.9196167
-0.29605103,4.914612
-0.25683594,4.9053497
-0.22329712,4.8889465
-0.17556763,4.887726
-0.14479065,4.8848114
-0.12709045,4.874481
-0.13945007,4.8590546
-0.16098022,4.854965
-0.15582275,4.8765106
-0.10925293,4.892227
0.084487915,4.933304
0.14320374,4.9734344
0.19132996,5.011444
0.24055481,5.0546265
0.266922,5.0915375
0.29978943,5.1065063
0.3182373,5.1201477
0.33255005,5.1481476
0.34817505,5.1566315
0.37257385,5.1684113
0.3851471,5.1566315
0.39830017,5.1511536
0.4225769,5.142273
0.4333191,5.134918
0.4054718,5.111801
0.38049316,5.0868225
0.3456726,5.100525
0.32470703,5.109833
0.33203125,5.1135406
0.3506317,5.122055
0.37405396,5.1621704
0.39283752,5.2136383
0.37957764,5.241165
0.36976624,5.2413025
0.3568573,5.2356415
0.32684326,5.2413635
0.31181335,5.249344
0.28689575,5.234741
0.26361084,5.211731
0.23583984,5.1795197
0.1903534,5.132004
0.13630676,5.076294
0.08306885,5.026428
-0.091171265,4.9808807
-0.09701538,4.9380035
-0.11553955,4.8974457
-0.13415527,4.8766174
-0.15582275,4.8660736
-0.14370728,4.880539
-0.11578369,4.902176
-0.08015442,4.9205627
0.090148926,4.936035
0.108673096,4.953491
0.119781494,4.9557343
0.10417175,4.9613495
-0.076309204,4.9243164
-0.11003113,4.89357
-0.13897705,4.860962
-0.15975952,4.8484497
-0.13983154,4.8246155
-0.12731934,4.7901
-0.14129639,4.783142
-0.14706421,4.783142
-0.13494873,4.763626
-0.13835144,4.7588654
-0.15582275,4.747223
-0.15582275,4.7532196
-0.17152405,4.77684
-0.19667053,4.7952576
-0.21061707,4.8137054
-0.2132721,4.8256073
-0.22764587,4.8421173
-0.21328735,4.8477783
-0.18759155,4.8534393
-0.16915894,4.8472595
-0.14781189,4.8432617
-0.12953186,4.8667755
-0.11351013,4.9036713
-0.08270264,4.930176
0.080200195,4.9297943
0.071014404,4.9138184
-0.09274292,4.91008
-0.1111145,4.8852997
-0.119903564,4.8765106
-0.119903564,4.8835144
-0.099868774,4.909027
0.078826904,4.9196167
0.12237549,4.9136047
0.15760803,4.9285736
0.17315674,4.947098
0.18244934,4.9656982
0.19172668,4.977066
0.20610046,5.0263367
0.20199585,5.045807
0.20507812,5.0550537
0.20812988,5.07045
0.22045898,5.07045
0.22045898,5.075577
0.22764587,5.0776215
0.22105408,5.056076
0.19778442,5.056076
0.17926025,5.0498505
0.17617798,5.0440826
0.17338562,5.0657043
0.17736816,5.0618896
0.17684937,5.0345306
0.14874268,5.0345306
0.13426208,5.038925
0.16047668,5.0417175
0.18145752,5.056076
0.2024231,5.063095
0.22262573,5.075943
0.23562622,5.078018
0.25680542,5.0924225
0.29364014,5.101776
0.3199005,5.105789
0.33538818,5.1063538
0.3390503,5.1063538
0.33111572,5.1063538
0.30265808,5.097458
0.24261475,5.0693665
0.19172668,5.032135
0.14997864,4.97908
0.1288147,4.9289703
0.14952087,4.8870544
0.18054199,4.877838
0.23719788,4.8765106
0.26211548,4.8765106
0.29533386,4.881424
0.33448792,4.9045715
0.3555603,4.8889313
0.37532043,4.8715973
0.37236023,4.8499146
0.36026,4.838669
0.32920837,4.8231506
0.31588745,4.8139343
0.299469,4.826233
0.26226807,4.849884
0.23368835,4.8507996
0.20291138,4.8415985
0.17028809,4.8429565
0.124572754,4.854965
0.09689331,4.8496857
0.08415222,4.8402557
0.093429565,4.830765
0.102645874,4.8491974
0.11192322,4.8613586
0.13674927,4.8740234
0.15541077,4.8553467
0.17390442,4.8423157
0.18386841,4.8477783
0.16534424,4.850189
0.14233398,4.8325195
0.1277008,4.7927856
0.10971069,4.7714386
0.098358154,4.75441
0.109573364,4.76001
0.12962341,4.774933
0.16825867,4.766861
0.19139099,4.785309
0.22584534,4.8105164
0.26594543,4.8453827
0.31437683,4.88826
0.36286926,4.964432
0.4006958,5.0228577
0.4209442,5.0598907
0.46743774,5.0970764
0.49272156,5.1063538
0.50953674,5.0956116
0.51875305,5.0848083
0.52212524,5.0966797
0.52041626,5.11438
0.49890137,5.1207275
0.4862213,5.1207275
0.5074158,5.134857
0.54045105,5.1442413
0.56710815,5.14946
0.6099396,5.1555176
0.62368774,5.202759
0.62986755,5.221283
0.6246338,5.221283
0.62268066,5.2428284
0.62054443,5.2500153
0.6070862,5.245804
0.5821228,5.223816
0.5296478,5.2083893
0.48025513,5.1584625
0.43267822,5.1137543
0.37652588,5.076782
0.32128906,5.053772
0.30665588,5.0400696
0.2808075,5.015152
0.260849,4.981552
0.23892212,4.963043
0.21113586,4.944519
0.19172668,4.9179077
0.18191528,4.8714447
0.15394592,4.834198
0.13537598,4.826233
0.15307617,4.8406067
0.18103027,4.8406067
0.21438599,4.823593
0.22764587,4.8184967
0.2250061,4.8013153
0.21131897,4.7602844
0.1993103,4.726883
0.20059204,4.7256775
0.21360779,4.7219086
0.23213196,4.7009735
0.23483276,4.6897736
0.23483276,4.6869507
0.23968506,4.6923065
0.25602722,4.717972
0.2707367,4.751236
0.2865448,4.802902
0.33789062,4.8446655
0.39233398,4.892273
0.44796753,4.9723816
0.49473572,5.025833
0.53604126,5.0698853
0.5856476,5.0928802
0.6134186,5.1299133
0.64120483,5.173126
0.66578674,5.1997375
0.6626282,5.1902924
0.63249207,5.146866
0.56477356,5.105896
0.5211792,5.066681
0.4701538,5.02565
0.42008972,4.9818115
0.38182068,4.9406433
0.35417175,4.8919983
0.3425598,4.8604736
0.33566284,4.848053
0.3425598,4.862137
0.34698486,4.8676453
0.3432312,4.862152
0.32254028,4.864975
0.2959442,4.8765106
0.2811737,4.865402
0.27792358,4.8540497
0.28303528,4.8329163
0.29684448,4.8236084
0.30613708,4.819565
0.29318237,4.8071594
0.25978088,4.790329
0.24349976,4.8016815
0.2420044,4.8190613
0.23930359,4.8163605
0.23001099,4.816681
0.23449707,4.8395996
0.24725342,4.8567047
0.27062988,4.869217
0.3007965,4.8822327
0.32258606,4.8908844
0.34109497,4.896591
0.36454773,4.9101715
0.36421204,4.9194946
0.3497467,4.9196167
0.3497467,4.9236145
0.3497467,4.9388123
0.3415985,4.9430695
0.32929993,4.9615936
0.31591797,4.9597015
0.2995758,4.9483795
0.27372742,4.924698
0.2593689,4.911255
0.25637817,4.8927765
0.25637817,4.882614
0.25317383,4.866913
0.24394226,4.854965
0.24165344,4.8542786
0.22764587,4.8194885
0.22331238,4.8046875
0.20126343,4.811081
0.17866516,4.8007812
0.17842102,4.786194
0.17539978,4.806015
0.18489075,4.841278
0.20159912,4.857422
0.22940063,4.8710938
0.24794006,4.8765106
0.25784302,4.8836975
0.26713562,4.8800964
0.27630615,4.8597565
0.2707367,4.8477783
0.26556396,4.8477783
0.25637817,4.8431244
0.26304626,4.8272247
0.2619171,4.8174286
0.24890137,4.808136
0.21305847,4.8046875
0.20812988,4.812546
0.23042297,4.8190613
0.23963928,4.8190613
0.2558136,4.8190613
0.2707367,4.8046875
0.2707367,4.8124847
0.27664185,4.8190613
0.2947998,4.8279114
0.32250977,4.8434906
0.33039856,4.857727
0.31414795,4.883194
0.2975006,4.900696
0.28419495,4.938904
0.27174377,4.972992
0.24716187,4.993454
0.22238159,5.008896
0.20091248,5.012985
0.19885254,5.012802
0.19384766,4.9871674
0.19465637,4.96434
0.17285156,4.9492188
0.15463257,4.9483337
0.15188599,4.938568
0.16218567,4.92041
0.17781067,4.912201
0.19636536,4.900589
0.21894836,4.8865814
0.25361633,4.8771973
0.29766846,4.8648376
0.32780457,4.879898
0.35731506,4.8836975
0.37245178,4.8916626
0.40013123,4.907669
0.43255615,4.921509
0.46939087,4.953064
0.49945068,4.988785
0.52571106,5.012985
0.55215454,5.0315857
0.6016388,5.043747
0.61094666,5.0730743
0.61550903,5.0729065
0.60865784,5.0430603
0.58026123,5.020172
0.54322815,5.0127563
0.5234833,4.9941406
0.4895172,4.9834747
0.44361877,4.977066
0.39735413,4.9625244
0.3647766,4.9416046
0.3226776,4.9177704
0.30274963,4.91243
0.30541992,4.9064636
0.3237152,4.9223175
0.36045837,4.9441376
0.41081238,4.96846
0.43582153,5.0055695
0.43185425,5.0150146
0.41333008,5.0283966
0.38868713,5.046875
0.35876465,5.07045
0.30619812,5.06102
0.24685669,5.028183
0.19137573,5.0054474
0.17018127,4.9797974
0.17018127,4.9570923
0.17651367,4.929306
0.18702698,4.9196167
0.21548462,4.9196167
0.2401886,4.9196167
0.24919128,4.9046783
0.25154114,4.8908844
0.26075745,4.8908844
0.27005005,4.910385
0.2980652,4.9354706
0.34555054,4.9804077
0.39912415,5.0415344
0.44430542,5.0859985
0.474823,5.111435
0.5117035,5.139038
0.5419922,5.175949
0.5827484,5.183777
0.5866089,5.1634827
0.533432,5.10907
0.42668152,4.999008
0.29345703,4.902725
0.2015686,4.838394
0.18455505,4.8056946
0.2436676,4.8064575
0.32304382,4.8157196
0.3792572,4.824951
0.3617096,4.8390045
0.3425598,4.838028
0.3675232,4.859955
0.43504333,4.8833466
0.45550537,4.924301
0.44223022,4.971649
0.4056244,4.984253
0.39283752,4.9760437
0.39904785,4.9698944
0.4277649,4.954468
0.45030212,4.91243
0.425354,4.8558044
0.38327026,4.8238525
0.35258484,4.7806854
0.3391266,4.741516
0.30786133,4.6948853
0.27095032,4.6754
0.24829102,4.6610413
0.20895386,4.6610413
0.1802063,4.6566925
0.17736816,4.6538544
0.18858337,4.6538544
0.23005676,4.6572723
0.29457092,4.6773987
0.33694458,4.6897736
0.3665619,4.697174
0.36672974,4.720398
0.34439087,4.7388153
0.31951904,4.737076
0.3138275,4.7256775
0.31948853,4.7256775
0.3138275,4.712326
0.31913757,4.7256775
0.33442688,4.7256775
0.32850647,4.7256775
0.3193817,4.7184906
0.3138275,4.714752
0.3196106,4.711319
0.3210144,4.709854
0.32380676,4.702545
0.3330841,4.711319
0.34918213,4.7182007
0.3930664,4.720337
0.42997742,4.7217712
0.44906616,4.7125397
0.46377563,4.7131042
0.45147705,4.731674
0.4280243,4.7299805
0.40731812,4.697159
0.37971497,4.6858063
0.33952332,4.667206
0.3023529,4.6610413
0.27792358,4.6775208
0.274765,4.699188
0.2707367,4.732025
0.2780304,4.7472687
0.29884338,4.760971
0.33514404,4.784485
0.38778687,4.802994
0.40600586,4.7819366
0.4000244,4.769272
0.4000244,4.750885
0.38510132,4.7463684
0.36894226,4.720993
0.35075378,4.711319
0.3360443,4.6982727
0.31111145,4.6843414
0.28910828,4.6575775
0.27792358,4.6538544
0.2922821,4.6466675
0.2922821,4.6466675
0.2922821,4.651245
0.27893066,4.6538544
0.2707367,4.652313
0.2707367,4.6466675
0.2707367,4.6466675
0.23809814,4.6455536
0.17871094,4.632309
0.11810303,4.6464386
-0.10202026,4.6742096
-0.14819336,4.684265
-0.18522644,4.693527
-0.2106781,4.696945
-0.20536804,4.695465
-0.19328308,4.679764
-0.1749115,4.665741
-0.16322327,4.6610413
-0.16299438,4.651993
-0.17469788,4.6466675
-0.22653198,4.6286774
-0.28242493,4.6071625
-0.32870483,4.573105
-0.35481262,4.55542
-0.3569336,4.532074
-0.35087585,4.526581
-0.3190155,4.5317535
-0.2693329,4.5441895
-0.22810364,4.547226
-0.17903137,4.556473
-0.12094116,4.560486
0.099853516,4.5606384
0.18487549,4.5742188
0.26867676,4.606125
0.3239441,4.643265
0.40263367,4.6538544
0.46340942,4.657135
0.48979187,4.6717987
0.5226898,4.690613
0.5388794,4.7065277
0.5480957,4.68808
0.55085754,4.6567383
0.5450592,4.6237183
0.56477356,4.621414
0.6075897,4.625122
0.64624023,4.6246185
0.67800903,4.617935
0.7011261,4.6409454
0.7422638,4.673874
0.7854004,4.6976166
0.8095398,4.736618
0.8166199,4.7585754
0.8250427,4.7837524
0.8435669,4.790329
0.8668823,4.7855377
0.8809204,4.783142
0.875824,4.7723236
0.85583496,4.7422485
0.84065247,4.7019196
0.82380676,4.672058
0.8266754,4.6380005
0.84584045,4.620163
0.8595886,4.5967255
0.88323975,4.57605
0.894577,4.5543365
0.88926697,4.496109
0.8802948,4.425415
0.8740845,4.372772
0.8534851,4.3110046
0.82362366,4.2297363
0.7937012,4.1763153
0.75668335,4.1258087
0.707077,4.095398
0.6240845,4.0793457
0.52897644,4.0207214
0.4512024,3.9508514
0.39215088,3.8912964
0.35017395,3.8306122
0.30793762,3.7845154
0.2930603,3.719162
0.28956604,3.6531525
0.27449036,3.5918121
0.29249573,3.5420532
0.30743408,3.4943085
0.325943,3.422699
0.35810852,3.3669739
0.411026,3.3206787
0.45635986,3.2759094
0.49339294,3.2281036
0.5189972,3.1579742
0.5282898,3.083496
0.5046234,2.9950104
0.48155212,2.9071198
0.48576355,2.846527
0.47732544,2.7973328
0.46432495,2.7938843
0.4459076,2.8180847
0.41952515,2.847229
0.4000244,2.8853455
0.40486145,2.9183197
0.4141693,2.950882
0.42526245,2.9821472
0.4477234,2.9914093
0.46348572,2.9946747
0.46377563,2.980301
0.4544983,2.9773254
0.4452362,2.9731293
0.45018005,2.9731293
0.44311523,2.9874878
0.4472351,2.9916077
0.45646667,3.0131836
0.4738617,3.0469666
0.48931885,3.059311
0.5140991,3.059311
0.5366516,3.0594177
0.56640625,3.07576
0.59524536,3.0850983
0.6073761,3.094284
0.6250305,3.1274872
0.6534424,3.1455078
0.68911743,3.1508942
0.7156067,3.1607513
0.7016907,3.1977997
0.70602417,3.2303467
0.72821045,3.25177
0.74609375,3.2715302
0.7554474,3.296112
0.77568054,3.3365936
0.80262756,3.3845062
0.81700134,3.4234924
0.84487915,3.4467163
0.87924194,3.4944305
0.8941803,3.51326
0.88494873,3.5259552
0.8756561,3.516571
0.85868835,3.4733582
0.8373718,3.4266968
0.80947876,3.3706818
0.78845215,3.3123932
0.7699127,3.2783813
0.75527954,3.2598572
0.7519684,3.247284
0.7519684,3.2460632
0.7519684,3.2489471
0.7419739,3.2632294
0.73760986,3.2676086
0.75257874,3.2714996
0.7815399,3.2859802
0.8060913,3.3073578
0.8228302,3.3332062
0.81048584,3.3424835
0.7816467,3.3414612
0.7591553,3.3322601
0.7570343,3.3094177
0.747818,3.280838
0.73851013,3.255951
0.74479675,3.2426605
0.7415314,3.2212524
0.7429352,3.206665
0.73742676,3.217331
0.72584534,3.215042
0.7073364,3.1970673
0.68878174,3.1821442
0.6716461,3.175537
0.65960693,3.181427
0.6407318,3.181427
0.6151123,3.1897583
0.61073303,3.212555
0.6244812,3.217331
0.6561279,3.2107544
0.6643219,3.2000427
0.647995,3.1815186
0.625824,3.1630096
0.5914154,3.1598663
0.5397186,3.1598663
0.47077942,3.1506195
0.3960266,3.1183624
0.33218384,3.1167755
0.3210144,3.1278687
0.3210144,3.1556244
0.32369995,3.2070007
0.37190247,3.26268
0.44111633,3.356964
0.50579834,3.4794312
0.5827484,3.5974884
0.69898987,3.705246
0.823349,3.824936
0.9255829,3.9545593
1.0092621,4.080963
1.0541992,4.191437
1.0536957,4.2727203
1.0386047,4.305832
0.99768066,4.308243
0.9329529,4.2957916
0.8813629,4.2751923
0.8227234,4.293701
0.7766266,4.3172607
0.73742676,4.3306885
0.7117157,4.3443146
0.69747925,4.363556
0.7069702,4.3852386
0.7387848,4.4287567
0.7415314,4.459259
0.73760986,4.4830475
0.7450104,4.5104218
0.7542572,4.5196686
0.76353455,4.520172
0.76634216,4.5109253
0.7295227,4.4931335
0.6842346,4.481476
0.6511383,4.4705505
0.621109,4.467102
0.5817108,4.472
0.5444641,4.4678955
0.51000977,4.4466705
0.47750854,4.4107513
0.45758057,4.37027
0.42614746,4.3238983
0.40663147,4.27034
0.39471436,4.229294
0.37156677,4.19693
0.33694458,4.1530304
0.31045532,4.122345
0.30322266,4.1260986
0.3183136,4.1295166
0.34597778,4.1209717
0.3869171,4.1136017
0.40974426,4.146652
0.44221497,4.199997
0.45939636,4.2229004
0.4725647,4.2229004
0.49102783,4.2229004
0.5140991,4.2326202
0.49586487,4.2575684
0.4588318,4.265991
0.40786743,4.287201
0.37443542,4.2967377
0.36410522,4.3225403
0.37028503,4.3625336
0.372406,4.382019
0.38163757,4.388092
0.39620972,4.3828125
0.4229126,4.3144073
0.4520874,4.214813
0.221344,4.143982
-0.28935242,4.187027
-0.47184753,4.3464966
-0.4281311,4.513275
-0.14024353,4.6903076
0.4298706,4.9198303
0.8292389,5.1066284
1.0769806,5.1916504
1.1714172,5.153778
1.1612549,5.0227356
1.0831451,4.9059143
0.8706207,4.8175964
0.5932617,4.743561
0.2770691,4.6688232
-0.18955994,4.590378
-0.47836304,4.487488
-0.6719055,4.332367
-0.8148651,4.148514
-0.90605164,3.9995575
-0.90626526,3.904358
-0.8339081,3.8863678
-0.70350647,3.9189758
-0.5277405,3.9629211
-0.30485535,4.039734
0.07746887,4.143936
0.31887817,4.258362
0.5020752,4.3596954
0.6515198,4.4427795
0.7194824,4.511429
0.7586975,4.5316315
0.7976227,4.550003
0.839859,4.576538
0.87680054,4.589203
0.8824158,4.553467
0.8209076,4.4857635
0.74658203,4.4165955
0.66578674,4.3809204
0.57980347,4.3830414
0.5000763,4.404785
0.46018982,4.4293823
0.48921204,4.4954224
0.57595825,4.5575714
0.7157135,4.6208496
0.87675476,4.6834717
0.9715729,4.7203674
0.9874115,4.7487946
0.9369812,4.760803
0.80885315,4.7465973
0.6511383,4.6875305
0.50935364,4.6278534
0.42156982,4.580673
0.43626404,4.5508423
0.48262024,4.5281525
0.526474,4.497528
0.5480194,4.4843903
0.5062256,4.46373
0.41038513,4.4375763
0.29144287,4.3925934
0.13560486,4.332428
-0.11053467,4.281082
-0.17401123,4.273178
-0.18153381,4.2890472
-0.14100647,4.2947235
0.08387756,4.2775116
0.16609192,4.256729
0.2170105,4.2164307
0.22520447,4.1701202
0.17871094,4.130417
0.12724304,4.1240845
0.09410095,4.1409454
0.083984375,4.1829834
0.1219635,4.240616
0.22673035,4.2805786
0.357193,4.3167725
0.4493866,4.3517303
0.5034027,4.348175
0.53738403,4.3378143
0.53759766,4.349945
0.48277283,4.360214
0.4421692,4.3726654
0.4011383,4.3911133
0.3929901,4.402466
0.42477417,4.402466
0.4669037,4.3983
0.50393677,4.4015045
0.5137329,4.394058
0.5077667,4.378418
0.4917755,4.361206
0.47094727,4.3885345
0.43170166,4.407028
0.4028778,4.4211426
0.4000244,4.4304504
0.42112732,4.448242
0.4570923,4.470108
0.4810028,4.486908
0.5217285,4.4806824
0.5050659,4.46463
0.4772644,4.4599304
0.45872498,4.453354
0.42836,4.4394836
0.38206482,4.4168243
0.347229,4.439316
0.3425598,4.4527435
0.33200073,4.4501038
0.29968262,4.4361267
0.29901123,4.4177094
0.32774353,4.400772
0.36465454,4.3878174
0.378479,4.3692627
0.34770203,4.350815
0.32261658,4.335022
0.3138275,4.3306427
0.32774353,4.3306427
0.33538818,4.354019
0.33151245,4.3477325
0.31637573,4.331909
0.30574036,4.3306427
0.2874298,4.3306427
0.25558472,4.31044
0.24919128,4.294876
0.25836182,4.300705
0.26763916,4.3203583
0.27685547,4.317322
0.29634094,4.317276
0.32730103,4.326599
0.33538818,4.3358
0.34996033,4.3378143
0.35557556,4.335678
0.33538818,4.3263855
0.32269287,4.304428
0.29821777,4.273178
0.28559875,4.279846
0.26713562,4.2875366
0.26467896,4.2877502
0.31134033,4.301834
0.37046814,4.329422
0.41218567,4.357147
0.4386444,4.382263
0.44683838,4.388092
0.42112732,4.382599
0.3834076,4.38002
0.3421631,4.3640137
0.318985,4.3639526
0.3072052,4.3864136
0.30665588,4.396805
0.3213501,4.4098053
0.3868866,4.4053802
0.45933533,4.4174347
0.48171997,4.4374695
0.4814453,4.474228
0.4653473,4.481476
0.40023804,4.470581
0.37464905,4.4852753
0.3479004,4.4886475
0.33616638,4.479126
0.3425598,4.4457855
0.3474884,4.409195
0.36364746,4.402466
0.36782837,4.400589
0.39042664,4.387314
0.41204834,4.386917
0.4206543,4.3889923
0.4143982,4.3921814
0.40422058,4.388092
0.39283752,4.388092
0.4041748,4.3809204
0.43515015,4.3933716
0.4627533,4.414917
0.45635986,4.434555
0.4534912,4.4559326
0.46385193,4.4535522
0.47885132,4.4452057
0.46961975,4.4356384
0.45187378,4.4540863
0.42408752,4.4599304
0.40481567,4.4599304
0.3961792,4.463257
0.405365,4.483124
0.4212799,4.4955444
0.40971375,4.4862976
0.40446472,4.485901
0.40068054,4.4886475
0.39283752,4.4958344
0.38935852,4.481903
0.3856659,4.450302
0.37083435,4.4226685
0.35406494,4.402466
0.33538818,4.4116974
0.34204102,4.4168243
0.34820557,4.4168243
0.35357666,4.424179
0.38703918,4.4426575
0.40782166,4.452118
0.41708374,4.4455566
0.42156982,4.4455566
0.4147339,4.459244
0.3965454,4.4581757
0.3856659,4.4527435
0.37971497,4.4527435
0.3864441,4.4535217
0.39283752,4.4685364
0.39775085,4.486374
0.41404724,4.516693
0.43780518,4.5173798
0.44311523,4.5055084
0.4491577,4.4958344
0.466568,4.5164185
0.4850769,4.5010986
0.5035248,4.4835815
0.49339294,4.4886475
0.5119171,4.4907227
0.53466797,4.504196
0.55633545,4.5165253
0.5903015,4.5185547
0.6179962,4.5277863
0.6351776,4.5317535
0.6450653,4.532852
0.6703491,4.567322
0.6886444,4.599045
0.69451904,4.6236267
0.69451904,4.6264496
0.6979065,4.639084
0.70713806,4.630295
0.7080841,4.60997
0.6871033,4.6013184
0.66841125,4.6152954
0.66578674,4.617935
0.6744232,4.625122
0.6908264,4.635803
0.7356262,4.652313
0.76693726,4.676605
0.7839203,4.697571
0.8114624,4.711319
0.82328796,4.717972
0.82380676,4.7168884
0.81292725,4.6968384
0.77934265,4.6654053
0.74186707,4.660309
0.70770264,4.6538544
0.6799164,4.6538544
0.6660614,4.646942
0.65496826,4.630493
0.64424133,4.621216
0.63223267,4.617935
0.6092682,4.5954285
0.618454,4.5803375
0.6276703,4.5776367
0.62986755,4.589142
0.62779236,4.5943146
0.62268066,4.593292
0.62268066,4.59639
0.631897,4.6199646
0.64108276,4.632309
0.6318207,4.6427307
0.62268066,4.632309
0.62705994,4.632309
0.6412811,4.632309
0.64424133,4.651306
0.66934204,4.678955
0.6939392,4.7035675
0.7123871,4.695282
0.73069763,4.6825867
0.7423096,4.6755066
0.743103,4.6521606
0.705307,4.6337433
0.6572876,4.632309
0.60513306,4.632309
0.5812073,4.632309
0.5659027,4.625458
0.5846405,4.6373444
0.60014343,4.6466675
0.6147003,4.6263123
0.6505127,4.623535
0.6729584,4.6069794
0.67863464,4.585022
0.68548584,4.589813
0.6579895,4.6015778
0.63494873,4.6107635
0.62986755,4.624222
0.62431335,4.623474
0.6335907,4.614197
0.64286804,4.616577
0.6729584,4.6336517
0.6729584,4.6494904
0.67781067,4.6538544
0.69395447,4.6607513
0.7232971,4.655655
0.7526398,4.6610413
0.7591553,4.6610413
0.7501831,4.6843567
0.73760986,4.696945
0.73760986,4.696945
0.7446289,4.696945
0.7467804,4.680588
0.7437897,4.667221
0.7191162,4.636368
0.69247437,4.6230774
0.68014526,4.6107635
0.68014526,4.6159363
0.6652832,4.617935
0.64424133,4.6201324
0.6528778,4.625122
0.67762756,4.6314697
0.715271,4.6576843
0.75146484,4.6687164
0.7537079,4.671921
0.7659912,4.6829224
0.7542877,4.684906
0.72691345,4.6575165
0.69000244,4.601059
0.66729736,4.584854
0.64424133,4.6104126
0.6332092,4.6416473
0.6079254,4.6610413
0.59869385,4.6658936
0.6031189,4.6799774
0.6280365,4.6825867
0.6672821,4.6754
0.6693878,4.678955
0.6600647,4.6768646
0.64372253,4.6825867
0.6343689,4.679901
0.6345825,4.66597
0.63705444,4.654236
0.6475067,4.643387
0.66604614,4.6397552
0.67874146,4.6351013
0.6650543,4.625122
0.65304565,4.622345
0.63438416,4.6228485
0.61605835,4.625122
0.6026306,4.617935
0.5749817,4.6139984
0.5591736,4.6107635
0.5652313,4.6187744
0.5652313,4.628067
0.57528687,4.6474
0.5867157,4.66098
0.59594727,4.6773834
0.60113525,4.6825867
0.607254,4.6887054
0.6144104,4.696945
0.5986328,4.696945
0.57081604,4.696945
0.5650482,4.6894226
0.5535736,4.6664886
0.5393677,4.6380615
0.53004456,4.6451874
0.5267029,4.6551514
0.51831055,4.6610413
0.52212524,4.6610413
0.5232849,4.6754
0.5507965,4.670639
0.57858276,4.6565704
0.59988403,4.6538544
0.62997437,4.6639557
0.66571045,4.6754
0.6842041,4.6754
0.7180786,4.6759033
0.7524719,4.6825867
0.77560425,4.6872253
0.8143616,4.6897736
0.8309784,4.696945
0.8383789,4.7043457
0.8510742,4.699829
0.8740845,4.696213
0.8740845,4.6897736
0.8740845,4.6897736
0.8601532,4.6897736
0.8597107,4.6879272
0.85365295,4.676529
0.8399658,4.6754
0.8390045,4.6770782
0.84825134,4.7014313
0.8575134,4.7384644
0.8526306,4.761368
0.8099365,4.7576294
0.7572479,4.743164
0.72032166,4.7400513
0.6924896,4.7174683
0.6770477,4.714386
0.6626282,4.7184906
0.6441803,4.696884
0.63705444,4.6875763
0.6203003,4.6825867
0.58317566,4.6825867
0.5555725,4.672928
0.54039,4.6610413
0.5258179,4.65036
0.4853058,4.645981
0.45280457,4.6204376
0.44311523,4.602066
0.44955444,4.59639
0.4588318,4.5793304
0.4646759,4.5642395
0.47566223,4.5659637
0.49339294,4.588806
0.49339294,4.584503
0.48886108,4.602783
0.4862213,4.623993
0.5209961,4.6266327
0.55444336,4.6430817
0.5820923,4.6594696
0.60214233,4.676407
0.618103,4.700165
0.62734985,4.7325287
0.64334106,4.7265625
0.676239,4.7367554
0.69851685,4.718216
0.7259369,4.6999207
0.73760986,4.689087
0.74324036,4.6853943
0.7519684,4.6945496
0.7588043,4.738022
0.7501526,4.7598267
0.74868774,4.775955
0.7400665,4.775955
0.7312012,4.7615967
0.7405243,4.7674255
0.73487854,4.775955
0.7021332,4.78302
0.6938324,4.783142
0.6648712,4.7871704
0.63430786,4.790329
0.6216583,4.7729187
0.6124573,4.75441
0.598053,4.7492676
0.58677673,4.75441
0.58677673,4.75441
0.58677673,4.737381
0.5677643,4.7130127
0.54714966,4.696945
0.51930237,4.690262
0.4807434,4.6447754
0.44198608,4.595825
0.40971375,4.577347
0.3867798,4.558838
0.36553955,4.546829
0.37408447,4.5433044
0.39266968,4.528244
0.4056244,4.5301666
0.43728638,4.5465546
0.4651184,4.555832
0.50213623,4.565094
0.54164124,4.587677
0.57133484,4.59639
0.5939636,4.6037445
0.58821106,4.5992737
0.58677673,4.5676575
0.5921478,4.5676575
0.610672,4.5533447
0.61550903,4.5325317
0.6172333,4.5317535
0.64160156,4.5506744
0.68800354,4.5911713
0.7182617,4.634506
0.75190735,4.6652985
0.8130188,4.7023315
0.88708496,4.7393646
0.94429016,4.741867
1.0013428,4.7433167
1.0237427,4.746048
1.0148621,4.755356
0.98709106,4.767639
0.9540405,4.7862396
0.888443,4.790329
0.8369446,4.7675476
0.78749084,4.747223
0.73490906,4.728363
0.69828796,4.6686096
0.66841125,4.6264343
0.6188202,4.589905
0.5647125,4.5522766
0.5324402,4.4967346
0.47750854,4.462784
0.41270447,4.4535217
0.36611938,4.4429626
0.3324585,4.4244537
0.2992401,4.4059296
0.2632599,4.3803406
0.25393677,4.364105
0.24475098,4.3593597
0.22888184,4.33313
0.1950531,4.289566
0.17408752,4.265991
0.16461182,4.2715454
0.17167664,4.288025
0.2043457,4.2947235
0.24604797,4.2947235
0.26971436,4.28804
0.29385376,4.296295
0.2957611,4.3019104
0.2980652,4.3134613
0.30014038,4.314911
0.30665588,4.290909
0.30181885,4.2635193
0.29249573,4.2379303
0.29408264,4.2229004
0.30718994,4.226761
0.32569885,4.2300873
0.31298828,4.238922
0.30952454,4.2573853
0.32373047,4.2808533
0.3635254,4.3016815
0.40486145,4.3366547
0.44815063,4.356247
0.46972656,4.3654785
0.4799652,4.389023
0.4862213,4.397995
0.4862213,4.4180145
0.47184753,4.4456635
0.4697113,4.4506073
0.460495,4.4497223
0.44491577,4.459015
0.44433594,4.479019
0.45355225,4.463852
0.4521942,4.4546356
0.44293213,4.4457245
0.4359436,4.4503937
0.4359436,4.4455566
0.4165802,4.4326477
0.390213,4.3959045
0.378479,4.363083
0.378479,4.353821
0.378479,4.3306427
0.37600708,4.3306427
0.3667755,4.326126
0.35087585,4.323456
0.3497467,4.321884
0.3605194,4.309082
0.38815308,4.313141
0.42248535,4.316269
0.4359436,4.3182983
0.4220276,4.323456
0.4143982,4.330139
0.41992188,4.3250885
0.40698242,4.326935
0.4000244,4.323456
0.3987732,4.324066
0.38839722,4.333374
0.39283752,4.3667755
0.4135437,4.3947144
0.44132996,4.424011
0.47297668,4.424011
0.4862213,4.424011
0.4968109,4.424011
0.52508545,4.4269714
0.5143738,4.4262085
0.49371338,4.402954
0.47506714,4.396515
0.46063232,4.3728485
0.457489,4.378662
0.45939636,4.3818665
0.4749298,4.4004364
0.4998474,4.4376373
0.5296478,4.4675446
0.5617981,4.5023956
0.60383606,4.534439
0.6217804,4.5335236
0.62268066,4.5233154
0.6193695,4.5140686
0.6047516,4.510208
0.58654785,4.517151
0.57958984,4.505371
0.5840454,4.486923
0.58677673,4.4619446
0.58813477,4.458557
0.59046936,4.4423065
0.5645447,4.4256287
0.55085754,4.4235535
0.5458069,4.4092407
0.5272827,4.390671
0.5155029,4.388092
0.47418213,4.363312
0.44662476,4.352188
0.4244995,4.3578796
0.4371643,4.3665466
0.45573425,4.3719788
0.4646759,4.361908
0.4578247,4.352188
0.44311523,4.3665466
0.43148804,4.362671
0.40975952,4.3593597
0.40646362,4.3665466
0.39715576,4.363678
0.36320496,4.354416
0.3218994,4.338257
0.2865448,4.3268127
0.2627716,4.304306
0.2381897,4.2886505
0.22045898,4.2875366
0.22348022,4.2875366
0.22764587,4.307953
0.23483276,4.3019104
0.25541687,4.3204193
0.2874756,4.3431854
0.32440186,4.3646393
0.36746216,4.409195
0.3856659,4.4487457
0.39620972,4.447464
0.4362793,4.424179
0.45030212,4.4357605
0.45030212,4.436905
0.45030212,4.4247894
0.458786,4.412918
0.46806335,4.395279
0.48817444,4.417038
0.5231323,4.446228
0.5557251,4.467163
0.59768677,4.490509
0.62802124,4.5155334
0.62986755,4.510208
0.62986755,4.510208
0.612854,4.515854
0.60832214,4.5245667
0.6057129,4.5193634
0.60113525,4.4916534
0.5944061,4.4477997
0.5619354,4.42955
0.543396,4.424011
0.5301056,4.4303894
0.52279663,4.432541
0.5320587,4.4455566
0.5460663,4.4455566
0.55085754,4.4455566
0.54901123,4.4527435
0.5359192,4.4527435
0.5233002,4.4347534
0.49168396,4.432892
0.47317505,4.4484863
0.4497223,4.4527435
0.42173767,4.4456024
0.4143982,4.427231
0.41844177,4.4005585
0.42156982,4.3819733
0.4143982,4.3665466
0.4174652,4.372711
0.43704224,4.3860626
0.44311523,4.3806915
0.44737244,4.3457794
0.46168518,4.3264313
0.45832825,4.323456
0.457489,4.317444
0.4640503,4.330017
0.47721863,4.3539276
0.49450684,4.3886414
0.5268402,4.4095306
0.5540924,4.4196014
0.59103394,4.4297333
0.60832214,4.446884
0.60832214,4.4527435
0.60832214,4.458191
0.6161804,4.4599304
0.6322937,4.4623566
0.6325836,4.467102
0.61672974,4.467102
0.59243774,4.467102
0.5832367,4.463562
0.56829834,4.4486237
0.5491791,4.446106
0.52671814,4.4553223
0.5174713,4.4599304
0.5082092,4.4599304
0.5077667,4.465378
0.5002899,4.4524536
0.5048828,4.4455566
0.5149536,4.4550476
0.51213074,4.4871063
0.4981079,4.505478
0.47958374,4.510208
0.4646759,4.492325
0.4646759,4.4737244
0.4646759,4.461151
0.47099304,4.4502106
0.4676056,4.425308
0.46687317,4.4168243
0.45051575,4.4026794
0.44311523,4.386139
0.45114136,4.384918
0.457489,4.394211
0.47325134,4.402466
0.4953308,4.402466
0.5077667,4.402466
0.5077667,4.402466
0.509964,4.402466
0.5106201,4.4111023
0.4949646,4.404022
0.5051575,4.412918
0.48999023,4.395279
0.47540283,4.389862
0.44995117,4.3870697
0.44552612,4.3665466
0.45030212,4.362076
0.4568634,4.3593597
0.43740845,4.363632
0.40725708,4.3844757
0.38879395,4.393692
0.36993408,4.386734
0.34457397,4.3639526
0.32606506,4.3453827
0.32774353,4.324341
0.32504272,4.3131256
0.30647278,4.3019104
0.28211975,4.3019104
0.27140808,4.294037
0.28341675,4.282028
0.30192566,4.273178
0.31349182,4.3005676
0.31201172,4.316269
0.30665588,4.324066
0.31259155,4.3365784
0.32339478,4.360153
0.35435486,4.3665466
0.38127136,4.376526
0.39968872,4.387924
0.4202881,4.402466
0.44805908,4.3943787
0.47583008,4.3697357
0.508728,4.352188
0.52111816,4.355255
0.54837036,4.3657074
0.55825806,4.3954926
0.5910034,4.4345856
0.6094971,4.472473
0.628067,4.481476
0.63822937,4.4791107
0.6507416,4.467102
0.6480255,4.482956
0.6439514,4.4955444
0.63475037,4.4886475
0.621109,4.484268
0.60910034,4.4942627
0.614151,4.5075073
0.598053,4.4958344
0.5702667,4.4958344
0.55804443,4.4958344
0.5555725,4.4958344
0.55085754,4.4958344
0.55085754,4.4825897
0.5523224,4.498764
0.56163025,4.49942
0.5652313,4.465973
0.5497284,4.4527435
0.5285797,4.4527435
0.50057983,4.4479523
0.49339294,4.431961
0.4773407,4.400772
0.46806335,4.395279
0.4646759,4.401169
0.45822144,4.4262085
0.4703064,4.4371033
0.47903442,4.424011
0.48599243,4.4448853
0.51683044,4.4618073
0.52212524,4.4750214
0.5281372,4.481476
0.52835083,4.466156
0.5191498,4.4569397
0.4996643,4.4374695
0.4862213,4.431198
0.4841919,4.423111
0.4749298,4.3942566
0.46562195,4.388092
0.46081543,4.389206
0.4853058,4.41098
0.49339294,4.4417114
0.49316406,4.431198
0.47462463,4.4355927
0.46037292,4.4455566
0.45108032,4.45195
0.44781494,4.440567
0.42919922,4.41008
0.43237305,4.402466
0.42088318,4.393921
0.40481567,4.364151
0.38671875,4.3549194
0.3653412,4.3390503
0.34690857,4.319214
0.33538818,4.2983856
0.33538818,4.2947235
0.33740234,4.3167725
0.37434387,4.3336945
0.42044067,4.356781
0.4493866,4.366089
0.457489,4.389694
0.46116638,4.3989563
0.45892334,4.402466
0.44311523,4.402466
0.42964172,4.407837
0.38812256,4.4168243
0.3646698,4.4168243
0.37303162,4.40596
0.378479,4.4168243
0.39024353,4.422714
0.41116333,4.433563
0.4517975,4.4556274
0.479599,4.4748535
0.5142822,4.4954987
0.536499,4.4886475
0.5404968,4.4926605
0.5496826,4.5078735
0.55708313,4.5173798
0.55085754,4.5082855
0.5406494,4.485626
0.536499,4.4599304
0.54577637,4.446396
0.55085754,4.4145813
0.53829956,4.3898926
0.5387573,4.364273
0.5540619,4.352188
0.56329346,4.357437
0.5797577,4.3665466
0.5913391,4.3756714
0.6097717,4.4082336
0.6282959,4.448807
0.66127014,4.4697723
0.6763153,4.488205
0.68014526,4.490387
0.6797943,4.4886475
0.6680603,4.491089
0.63360596,4.5083313
0.60305786,4.4967957
0.6025696,4.4886475
0.6048126,4.485138
0.60113525,4.46463
0.6088257,4.460434
0.61550903,4.467102
0.61550903,4.4624634
0.61550903,4.4599304
